Country,Country_Code,Year,Exports_pct_GDP,FDI_net_inflows_pct_GDP,GDP_current_USD,GDP_growth_annual_pct,GDP_per_capita_current_USD,Imports_pct_GDP,Inflation_consumer_prices_annual_pct,Life_expectancy_years,Unemployment_total_pct,Brent_Oil_Price_USD_per_barrel
Bahrain,BHR,1990,101.627082,1.907788943,4809511005,4.437997176,9342.538914,83.20172272,0.929335437,72.587,,23
Bahrain,BHR,1991,74.75714061,11.80082637,5248911170,11.22999828,10434.1324,84.11065598,0.764419736,72.668,1.047,20
Bahrain,BHR,1992,74.21084388,16.07885314,5402232447,6.689998127,10460.15832,85.08105445,-0.172413793,72.785,0.968,18
Bahrain,BHR,1993,73.76460922,-4.650768788,5913001064,12.87000675,11151.8715,70.99843637,2.538860104,72.939,0.882,19
Bahrain,BHR,1994,71.40648253,3.28947938,6330627926,-0.250001381,11629.35952,65.06698837,0.816910898,73.134,1.007,25
Bahrain,BHR,1995,72.10765646,6.473839058,6651180851,3.929992393,11900.93178,61.97907586,2.704034751,73.361,1.044,20
Bahrain,BHR,1996,77.31669799,29.52007284,6938166755,4.110006317,12091.78022,67.0167525,-0.452227383,73.61,1.177,18
Bahrain,BHR,1997,69.54510878,4.561096662,7219407713,3.092999234,12254.66626,61.12734023,2.43155134,73.872,1.125,25
Bahrain,BHR,1998,56.81654418,2.552219113,7031309043,4.790003593,11625.03438,56.18487478,-0.366533865,74.138,1.114,27
Bahrain,BHR,1999,69.36082764,6.026960183,7528469149,4.299998244,12123.35347,55.37490951,-1.287587972,74.405,1.112,30
Bahrain,BHR,2000,79.18066703,4.011545582,9062898936,5.300069403,14214.48368,56.6284683,-0.704852953,74.673,1.081,35
Bahrain,BHR,2001,73.61076132,0.895243944,8976196809,2.490948753,13573.23399,53.41550496,-1.207571802,74.942,1.118,50
Bahrain,BHR,2002,72.5085663,2.261808944,9593510638,3.348550671,13501.47088,58.62506792,-0.495540139,75.209,1.137,55
Bahrain,BHR,2003,72.063072,4.665543678,11074813830,6.296441291,14486.0269,56.02851016,1.593625498,75.486,1.126,60
Bahrain,BHR,2004,78.60514596,6.580210025,13150159574,6.980961759,15963.94932,62.13216408,2.352941176,75.787,1.064,65
Bahrain,BHR,2005,83.89404821,6.566594458,15968723404,6.768997378,17966.16578,64.4194769,2.586206897,76.125,1.021,70
Bahrain,BHR,2006,84.63894426,15.75086501,18504760638,6.46699952,19267.28262,62.46523681,2.007469655,76.51,1.021,75
Bahrain,BHR,2007,79.67952923,8.08243219,21730000000,8.293961291,20908.40425,58.10552134,3.256666667,76.952,1.006,80
Bahrain,BHR,2008,82.57734838,6.977577827,25710904255,6.24501095,23299.49928,63.30516277,3.526003164,77.457,1.015,85
Bahrain,BHR,2009,68.46559387,1.12105291,22938218085,2.539885702,19465.31407,49.49813154,2.795512836,78.016,1.07,90
Bahrain,BHR,2010,66.70271504,0.581105357,26805984043,4.334298975,21819.32911,48.85877141,1.961884683,78.593,1.13,95
Bahrain,BHR,2011,95.63634876,2.610260386,29914680851,1.928157912,25032.78677,71.89329227,-0.400040697,79.141,1.21,100
Bahrain,BHR,2012,98.26563623,4.832654365,31963404255,3.80302899,26438.67332,80.55838459,2.7573967,79.622,1.2,105
Bahrain,BHR,2013,100.8266516,11.02113061,33823324468,5.292622249,26989.76011,83.76285721,3.300011569,79.998,1.184,80
Bahrain,BHR,2014,92.22553572,4.36728984,34772526596,4.308856927,26451.79656,76.35032242,2.647553212,80.214,1.144,75
Bahrain,BHR,2015,79.34410357,0.199529633,32523297872,2.507872053,23734.05511,68.5719566,1.848627424,80.338,1.164,70
Bahrain,BHR,2016,70.5882907,0.718174283,33884680851,3.814993274,23800.00144,62.2347072,2.786793476,80.407,1.19,65
Bahrain,BHR,2017,72.25386214,3.833008912,37204813830,4.953835341,24784.76935,64.17537767,1.386718306,80.407,1.18,60
Bahrain,BHR,2018,75.71537268,4.180793087,39567978723,2.05258865,26324.40665,68.35999989,2.08766938,80.412,1.188,55
Bahrain,BHR,2019,73.09442399,2.3283798,40446808511,2.052877744,27259.74386,62.32311941,1.005820047,80.471,1.217,50
Bahrain,BHR,2020,70.45443582,2.849732281,35837632979,-5.911362952,24342.84446,65.00654919,-2.317706293,78.683,1.765,45
Bahrain,BHR,2021,86.27421867,4.356625979,40840212766,4.350040917,27147.80839,67.52509781,-0.606319385,78.083,1.548,70
Bahrain,BHR,2022,95.9613654,4.200184563,46458191489,6.180161255,30470.52193,71.17987575,3.625741043,80.992,1.265,75
Bahrain,BHR,2023,87.35114395,15.64287561,46192260638,3.878116148,29290.12842,70.09671073,0.074620678,81.284,1.049,80
Bahrain,BHR,2024,87.67499552,5.736945058,47109734309,2.603796706,29653.56827,70.14349662,0.91963546,,1.084,85
Egypt,EGY,1990,20.35490605,1.707814196,42978914311,5.667029157,735.982935,32.56784969,16.75637471,62.513,,23
Egypt,EGY,1991,27.46666667,0.676690667,37387836491,1.125404595,622.829605,35.37777778,19.74854482,63.059,9.38,20
Egypt,EGY,1992,28.39683681,1.096617326,41855986519,4.472859184,680.7992386,30.91301222,13.63742417,63.585,8.92,18
Egypt,EGY,1993,25.83762887,1.058425258,46578631453,2.9007908,740.3342174,30.09020619,12.08979229,64.147,10.92,19
Egypt,EGY,1994,22.57142857,2.420132571,51897983393,3.97317218,807.3035372,28.05714286,8.154231286,64.663,10.93,25
Egypt,EGY,1995,22.54901961,0.994028431,60159245060,4.642458772,916.3266177,27.69607843,15.7422305,65.214,11.04,20
Egypt,EGY,1996,20.74978204,0.940414996,67629716981,4.988730565,1008.976376,26.19877942,7.187103697,65.733,9,18
Egypt,EGY,1997,18.8416698,1.135375893,78436578171,5.492354743,1146.201721,24.89657766,4.625605788,66.207,8.37,25
Egypt,EGY,1998,16.21433542,1.268437022,84828807556,5.575497461,1212.822598,25.71329158,3.872575464,66.635,8.03,27
Egypt,EGY,1999,15.0520156,1.174392815,90710704807,6.053438785,1268.309492,23.30949285,3.079499126,67.01,7.95,30
Egypt,EGY,2000,16.20111732,1.236997207,99838543960,6.37000383,1366.092744,22.81681858,2.683805353,67.332,8.98,35
Egypt,EGY,2001,17.47978812,0.527384723,96684636119,3.535251974,1295.137418,22.33063842,2.269757205,67.612,9.26,50
Egypt,EGY,2002,18.31617841,0.759753233,85146067416,2.390204026,1116.828846,22.67088942,2.73723855,67.846,10.01,55
Egypt,EGY,2003,21.79640719,0.295683832,80288461538,3.193454737,1031.275563,24.38323353,4.507776363,68.045,10.91,60
Egypt,EGY,2004,28.22996085,1.590836184,78782467532,4.092071611,991.2556891,29.58994436,11.27061933,68.211,10.32,65
Egypt,EGY,2005,30.34354689,5.995515989,89660339660,4.471744472,1105.539207,32.60909935,4.869396969,68.355,11.049,70
Egypt,EGY,2006,29.94981383,9.348567266,1.07426E+11,6.843838194,1298.979002,31.56872268,7.644526445,68.493,10.49,75
Egypt,EGY,2007,30.24973147,8.876336063,1.30438E+11,7.087827427,1547.741707,34.82814178,9.318969058,68.627,8.8,80
Egypt,EGY,2008,33.04299274,5.831412619,1.62818E+11,7.156283566,1896.215943,38.63763261,18.31683168,68.761,8.517,85
Egypt,EGY,2009,24.95682211,3.54835118,1.89147E+11,4.6735998,2161.639646,31.59662253,11.76349544,68.915,9.087,90
Egypt,EGY,2010,21.34924581,2.916016576,2.18984E+11,5.147234858,2455.081946,26.58710426,11.26518827,69.078,8.757,95
Egypt,EGY,2011,20.56742761,-0.204542849,2.3599E+11,1.764571949,2590.643849,24.68820655,10.06492599,69.232,11.849,100
Egypt,EGY,2012,16.39696662,1.002340718,2.79117E+11,2.226199799,2996.067707,24.31480265,7.111729433,69.464,12.597,105
Egypt,EGY,2013,17.01784562,1.453434208,2.88434E+11,2.185466054,3025.525636,23.35519243,9.469719811,69.632,13.154,80
Egypt,EGY,2014,14.24413146,1.509250423,3.05595E+11,2.91591188,3133.391023,22.67605634,10.07021547,69.911,13.105,75
Egypt,EGY,2015,13.18384549,2.102581284,3.29367E+11,4.372019078,3306.981594,21.66209747,10.37049034,70.135,13.052,70
Egypt,EGY,2016,10.34546394,2.438562781,3.32442E+11,4.346643456,3270.628777,19.90108511,13.81360621,70.437,12.45,65
Egypt,EGY,2017,15.01408682,2.983015509,2.48363E+11,4.181221,2395.103333,27.81804754,29.50660839,70.709,11.767,60
Egypt,EGY,2018,17.98465561,3.100400776,2.62589E+11,5.331108619,2484.703156,27.92636406,14.40146578,70.974,9.855,55
Egypt,EGY,2019,16.64403145,2.82732945,3.18679E+11,5.552093072,2962.98892,24.4799857,9.152799593,71.213,7.851,50
Egypt,EGY,2020,12.47277574,1.52462949,3.83818E+11,3.550164838,3511.11381,19.65347983,5.04493289,69.79,7.974,45
Egypt,EGY,2021,10.56115022,1.206178611,4.24672E+11,3.290646012,3827.354154,19.29582327,5.214049405,68.976,7.441,70
Egypt,EGY,2022,15.08702582,2.39118081,4.76748E+11,6.587845609,4233.307837,21.89607906,13.89566098,71.01,6.546,75
Egypt,EGY,2023,19.10609134,2.485463984,3.95926E+11,3.760280523,3456.789685,21.34430943,33.88477631,71.633,6.753,80
Egypt,EGY,2024,16.37624221,11.97193509,3.8906E+11,2.399169268,3338.473714,23.22450988,28.27058993,,6.817,85
Iran,IRN,1990,13.2787418,-0.289993218,1.24813E+11,13.59492644,2137.942227,23.8018259,7.627674938,64.066,,23
Iran,IRN,1991,13.82432029,0.017160742,1.31638E+11,12.71614844,2194.439068,30.36985136,17.12856794,66.233,11.1,20
Iran,IRN,1992,13.16459067,0.007097013,1.19769E+11,3.29798192,1957.485078,27.23333658,25.80772262,66.653,10.653,18
Iran,IRN,1993,25.41011165,0.325601197,63743623232,-1.471011482,1038.109857,20.63075268,21.20263075,67.037,10.573,19
Iran,IRN,1994,28.28619241,0.002783908,71841461173,-1.698286119,1167.762725,13.32294398,31.44702842,67.49,10.458,25
Iran,IRN,1995,21.6762407,0.017631338,96419225744,2.401044552,1550.009596,13.46800421,49.65598585,67.904,9.904,20
Iran,IRN,1996,20.19513024,0.021593979,1.20404E+11,6.350526019,1914.781213,15.02616891,28.93734402,68.328,9.1,18
Iran,IRN,1997,17.27793087,0.046524218,1.13919E+11,1.350399274,1790.066176,15.37162725,17.34922575,68.649,9.68,25
Iran,IRN,1998,12.68338091,0.021763395,1.10277E+11,2.08001178,1709.193341,16.54483873,17.86613421,69.214,10.358,27
Iran,IRN,1999,19.2920232,0.030742623,1.13848E+11,2.002696233,1739.59462,15.59339094,20.07070781,69.686,11.176,30
Iran,IRN,2000,21.46705757,0.035586634,1.09592E+11,5.845527476,1650.013858,19.7901899,14.47675132,70.166,11.698,35
Iran,IRN,2001,19.30332036,0.321660451,1.26879E+11,2.392172712,1881.022666,21.23224612,11.27424713,70.619,12.362,50
Iran,IRN,2002,24.41390215,2.736114981,1.28627E+11,8.07882928,1891.257561,23.7587844,14.33593374,71.112,12.8,55
Iran,IRN,2003,24.62747283,1.894186262,1.51911E+11,8.639298397,2208.996366,26.05163294,16.46801162,70.464,11.529,60
Iran,IRN,2004,25.26692826,1.617696879,1.87755E+11,4.336665979,2672.422665,26.04692907,14.7615087,72.04,10.3,65
Iran,IRN,2005,30.33081919,1.284254301,2.2497E+11,3.189804087,3132.050819,24.10967608,13.43311801,72.446,11.813,70
Iran,IRN,2006,29.86903525,0.87256002,2.65602E+11,4.999795262,3618.916014,23.29832346,10.01589825,72.895,11.519,75
Iran,IRN,2007,28.84361241,0.576946135,3.49737E+11,8.155773524,4687.991663,21.04369452,17.34104046,73.299,10.772,80
Iran,IRN,2008,26.57712745,0.487596567,4.06071E+11,0.250856553,5377.411507,21.65227532,25.41050903,73.683,10.63,85
Iran,IRN,2009,22.71148914,0.720530462,4.14059E+11,1.007385458,5415.522806,20.98809109,13.55155483,74.041,12.113,90
Iran,IRN,2010,24.39965328,0.749168626,4.8707E+11,5.797938302,6291.194437,19.37099045,10.08936293,74.39,13.679,95
Iran,IRN,2011,24.93331313,0.679834575,6.29082E+11,2.645717918,8025.687434,16.28610167,26.29338567,74.721,12.491,100
Iran,IRN,2012,22.4753002,0.723850091,6.44019E+11,-3.747171399,8114.080998,21.61404648,27.25681272,75.039,12.275,105
Iran,IRN,2013,25.18290674,0.609501594,5.004E+11,-1.521979205,6222.741948,21.90381118,36.60303552,75.349,10.595,80
Iran,IRN,2014,22.83067239,0.455453874,4.62285E+11,4.984775067,5672.063729,22.52074775,16.60655324,75.635,10.68,75
Iran,IRN,2015,18.72083451,0.500987695,4.09192E+11,-1.424884939,4952.733555,20.70175415,12.48468156,75.907,11.166,70
Iran,IRN,2016,20.30978161,0.704528359,4.78618E+11,8.815086643,5710.599471,19.56746016,7.24542549,76.155,12.618,65
Iran,IRN,2017,21.83293099,0.983654956,5.1024E+11,3.026854687,6000.933464,21.32276214,8.044924377,76.396,12.232,60
Iran,IRN,2018,29.63969413,0.576106086,4.11903E+11,-3.747960157,4783.010673,26.97565548,18.01411834,76.621,12.195,55
Iran,IRN,2019,22.31470821,0.433347777,3.47988E+11,-2.361435388,3997.493545,26.277063,39.90734557,76.855,10.74,50
Iran,IRN,2020,18.39037486,0.477691709,2.80934E+11,4.441808654,3202.500035,25.49409263,30.59413904,74.141,9.687,45
Iran,IRN,2021,22.01920784,0.349821432,4.07351E+11,4.13089685,4605.148813,20.6531717,43.38901627,73.752,9.282,70
Iran,IRN,2022,25.56661852,0.354893289,4.22662E+11,4.352810875,4721.204371,23.3517323,43.48846417,76.799,9.085,75
Iran,IRN,2023,23.92164755,0.310885408,4.5751E+11,5.332351172,5049.299316,25.47190254,44.57918576,77.654,8.129,80
Iran,IRN,2024,23.5514721,0.304914201,4.75252E+11,3.663120568,5190.16959,28.51065858,32.4558714,,8.146,85
Iraq,IRQ,1990,7.698318329,-0.003774776,1.80408E+11,57.81782835,10261.41577,7.427963488,,57.587,,23
Iraq,IRQ,1991,1.290410727,1.884764296,407796349.7,-64.04710697,22.95213276,2.500730243,180.952381,61.338,8.639,20
Iraq,IRQ,1992,0.582407539,0.01679695,553671957.7,32.5922112,30.25390126,1.338738094,83.61581921,65.344,8.346,18
Iraq,IRQ,1993,0.075548684,0.077814234,1031944881,30.28982949,53.74378423,0.469148,207.6923077,65.31,8.36,19
Iraq,IRQ,1994,0.035565991,-0.000751626,3991349283,3.854532449,198.1821019,0.064016371,448.5,65.027,8.221,25
Iraq,IRQ,1995,0.005376759,,12894029888,2.120021498,619.1355309,0.015622473,387.3108478,64.761,8.431,20
Iraq,IRQ,1996,0.009161774,-0.019111152,10433698621,11.02078564,485.2584928,0.017726709,-16.11732575,64.618,8.516,18
Iraq,IRQ,1997,63.84700895,0.005552651,20764857056,21.23793613,936.3411709,42.34116099,23.06319968,64.241,8.269,25
Iraq,IRQ,1998,77.89898865,0.035833802,20617405044,35.00096762,900.9371426,54.34417187,14.76877356,64.405,8.064,27
Iraq,IRQ,1999,77.63488341,,36881601584,17.58017037,1560.364667,60.67971783,12.57776234,64.532,7.979,30
Iraq,IRQ,2000,75.70377422,-6.62E-05,48364250944,16.79613444,1980.18916,49.63282142,4.978962132,64.86,8.038,35
Iraq,IRQ,2001,65.27339139,-0.01839872,36176430129,1.766608766,1435.695684,61.50686458,16.3740815,65.292,8.249,50
Iraq,IRQ,2002,70.57005152,-0.000990025,32928454672,-8.203704812,1266.159613,49.19199623,19.3166946,65.724,8.619,55
Iraq,IRQ,2003,77.39271888,4.561717175,21921569479,-36.65678044,817.8878625,76.84180641,33.6162106,64.834,8.959,60
Iraq,IRQ,2004,56.27090853,0.818918787,36633669269,53.38554729,1328.371576,63.96306859,26.96190682,64.634,8.715,65
Iraq,IRQ,2005,54.34787058,1.029259808,50065104668,1.675228636,1762.393604,61.39466973,36.95948092,64.899,8.57,70
Iraq,IRQ,2006,51.03194299,0.58790074,65147051918,5.638299152,2276.554357,38.61857687,53.23096291,64.029,8.411,75
Iraq,IRQ,2007,45.89983917,1.093912866,88837057320,1.888539362,3128.990103,28.19301393,-10.06749258,64.428,8.646,80
Iraq,IRQ,2008,50.32830722,1.409951737,1.31614E+11,8.228107104,4542.96609,30.72723605,12.66285283,66.465,8.466,85
Iraq,IRQ,2009,39.40011026,1.431429909,1.11658E+11,3.379299094,3714.71206,39.28726856,6.873615472,67.834,8.415,90
Iraq,IRQ,2010,39.41682921,1.00796494,1.38517E+11,6.402564845,4461.751962,34.08065041,2.877747253,68.092,8.267,95
Iraq,IRQ,2011,44.41752304,1.120863398,1.8575E+11,7.5464712,5775.542291,27.75380518,5.801455371,68.435,8.193,100
Iraq,IRQ,2012,44.50843536,1.559615313,2.18002E+11,13.93643017,6477.596185,29.10024923,6.089096416,68.827,7.965,105
Iraq,IRQ,2013,39.66353654,-0.99527921,2.34638E+11,7.628285923,6650.352822,27.74648187,1.879498007,69.047,9.222,80
Iraq,IRQ,2014,38.94172645,-4.455211245,2.28416E+11,2.263688176,6249.39227,30.04076041,2.235974079,69.679,10.59,75
Iraq,IRQ,2015,34.51414644,-4.541592354,1.66774E+11,2.606766429,4440.141893,35.07762216,1.393330288,69.977,10.865,70
Iraq,IRQ,2016,28.10852368,-3.751809116,1.66744E+11,13.78737302,4334.420964,26.47979651,0.556521397,68.683,10.82,65
Iraq,IRQ,2017,33.91606341,-2.687994284,1.87218E+11,-1.819750351,4759.284644,25.86484898,0.184058899,69.788,13.02,60
Iraq,IRQ,2018,40.80264203,-2.148548348,2.27367E+11,2.633850991,5646.689321,24.99914974,0.367441489,71.116,13.458,55
Iraq,IRQ,2019,38.0518682,-1.316406167,2.33636E+11,5.513790575,5671.856863,30.93807022,-0.19896538,71.245,14.096,50
Iraq,IRQ,2020,27.75027755,-1.580496963,1.80899E+11,-12.03679309,4295.189451,29.99203884,0.574162679,69.651,15.766,45
Iraq,IRQ,2021,37.32165283,-1.257702098,2.09692E+11,1.50218071,4868.494311,24.18161548,6.041864891,70.704,16.173,70
Iraq,IRQ,2022,44.52594621,-0.726653367,2.87372E+11,7.95904805,6520.731546,24.23284788,4.994765964,72.037,15.41,75
Iraq,IRQ,2023,39.63123224,-1.994748223,2.68881E+11,0.517705525,5965.318351,29.83008856,4.358353511,72.324,15.239,80
Iraq,IRQ,2024,37.50749375,-2.73525447,2.79641E+11,-1.545251983,6073.610323,33.20124973,-12.29698376,,15.293,85
Israel,ISR,1990,27.94652077,0.243482688,62016729541,7.315199194,13308.31106,32.95090143,17.25533481,76.60731707,,23
Israel,ISR,1991,23.97934038,0.486769099,70998755007,7.72611511,14346.08103,31.73874081,19.10887982,76.75853659,13.387,20
Israel,ISR,1992,24.48316135,0.740645784,79457685757,7.75926622,15509.99136,30.4240902,12.06533193,76.50487805,14.08,18
Israel,ISR,1993,26.10452265,0.757489644,79855877174,4.116756357,15178.83999,33.90954778,10.883874,77.15365854,12.741,19
Israel,ISR,1994,26.1098656,0.48666464,90740103829,7.427845283,16806.83531,33.67789407,12.25355099,77.40243902,9.934,25
Israel,ISR,1995,25.84818784,1.279936538,1.05497E+11,6.602924663,19025.68405,33.54121933,9.933899906,77.45121951,8.782,20
Israel,ISR,1996,25.43799435,1.213639088,1.15117E+11,5.839438476,20224.27891,32.69314142,11.45851228,78.10487805,8.455,18
Israel,ISR,1997,26.28267125,1.367656433,1.1946E+11,3.612346107,20469.4699,31.28477401,8.954993835,78,9.751,25
Israel,ISR,1998,26.90486463,1.44125868,1.20547E+11,4.111963962,20188.81415,29.99960205,5.488753713,78.14878049,10.749,27
Israel,ISR,1999,30.80052403,3.417967562,1.21417E+11,3.297279807,19823.21389,33.9390616,5.189754593,78.65853659,11.183,30
Israel,ISR,2000,33.77107773,5.895073168,1.36512E+11,8.582089424,21706.51941,34.57578131,1.03263641,78.95365854,11.102,35
Israel,ISR,2001,29.5058979,1.312054251,1.35002E+11,0.277927327,20966.30527,32.63368685,1.123028391,79.40731707,11.812,50
Israel,ISR,2002,30.87260383,1.262643068,1.25332E+11,-0.134072635,19076.45843,34.59850158,5.802345895,79.45121951,12.888,55
Israel,ISR,2003,32.68909768,2.527986784,1.31409E+11,1.449057694,19643.46904,34.19265269,0.707630617,79.64878049,13.505,60
Israel,ISR,2004,37.203416,2.10420736,1.40048E+11,4.647897444,20568.06941,37.76978352,-0.421595035,80.14634146,13.029,65
Israel,ISR,2005,38.81997315,3.266270707,1.4752E+11,4.38778887,21286.83886,39.50428823,1.340703281,80.15121951,11.342,70
Israel,ISR,2006,39.03666547,9.059440132,1.58901E+11,5.601626982,22527.26198,39.3986235,2.054079146,80.55365854,10.707,75
Israel,ISR,2007,38.73094278,4.763938777,1.84681E+11,6.323349505,25721.25941,40.10616351,0.466226973,80.50487805,9.379,80
Israel,ISR,2008,37.17357119,4.6440912,2.21232E+11,3.222096,30269.21777,38.20735112,4.527447651,80.95121951,7.704,85
Israel,ISR,2009,31.82156684,2.158777559,2.13403E+11,1.237731597,28508.49389,29.85408113,3.367623173,81.40487805,9.534,90
Israel,ISR,2010,33.52837758,2.91418895,2.39679E+11,5.534340339,31439.0887,32.10470229,2.702702703,81.60243902,8.48,95
Israel,ISR,2011,34.18201941,3.227587257,2.68095E+11,5.518796214,34522.5216,34.72741844,3.488372093,81.65609756,7.139,100
Israel,ISR,2012,34.71841816,3.420967526,2.63589E+11,2.447168367,33321.43009,35.24660693,1.675537158,81.70487805,6.762,105
Israel,ISR,2013,32.80512063,3.967527656,2.98478E+11,4.085709186,37034.31611,31.3289305,1.589763474,82.05609756,6.137,80
Israel,ISR,2014,31.48905959,1.920181548,3.15017E+11,3.775828432,38343.30466,30.22429453,0.467557252,82.15365854,5.789,75
Israel,ISR,2015,30.8618662,3.735532718,3.03469E+11,2.237603175,36213.10415,28.03610572,-0.617342578,82.05121951,5.176,70
Israel,ISR,2016,29.69600894,3.723663982,3.21941E+11,4.459782719,37671.53891,28.10302275,-0.535168196,82.40731707,4.723,65
Israel,ISR,2017,28.97765876,4.712627516,3.58452E+11,4.346931167,41138.47096,27.3024555,0.24980784,82.55121951,4.14,60
Israel,ISR,2018,29.69250223,5.717393681,3.76299E+11,4.003898622,42362.66528,29.05125201,0.80506038,82.80243902,3.917,55
Israel,ISR,2019,28.98104225,4.33363467,4.00645E+11,3.710496328,44250.63136,27.34430639,0.81764594,82.80487805,3.731,50
Israel,ISR,2020,27.17229944,5.104750613,4.10768E+11,-2.021615482,44575.5719,24.06437435,-0.575254621,82.64878049,4.169,45
Israel,ISR,2021,28.82340462,3.868498528,4.89852E+11,9.388374034,52270.90402,26.07827959,1.479654747,82.5,4.812,70
Israel,ISR,2022,31.3853281,4.357259621,5.25181E+11,6.263263438,54949.62156,29.25952458,4.411627255,82.7,3.695,75
Israel,ISR,2023,30.41050263,3.157123187,5.12185E+11,1.826520495,52003.72007,27.57981809,4.225226032,83.19512195,3.371,80
Israel,ISR,2024,28.43476159,2.734724111,5.4038E+11,0.871968424,54176.68444,26.01723871,3.074808898,,3.595,85
Jordan,JOR,1990,59.83484843,0.904951524,4160087508,-0.275903908,1148.590055,89.61283546,16.19213756,70.094,,23
Jordan,JOR,1991,57.39012847,-0.27362154,4344467193,1.608531073,1109.655646,79.87153482,8.155495979,70.24,21.439,20
Jordan,JOR,1992,50.23266397,0.766783017,5310833194,14.34977606,1286.634736,81.41203468,3.995835606,70.4,19.947,18
Jordan,JOR,1993,50.33512769,-0.59839699,5606400222,4.48698978,1289.414543,80.15010555,3.316666667,70.568,19.7,19
Jordan,JOR,1994,47.86224497,0.045776079,6236295978,4.9714767,1367.187218,70.4739311,3.516696241,70.738,16.894,25
Jordan,JOR,1995,51.72121238,0.197813412,6727597032,6.200874444,1415.711516,72.86147581,2.353124513,70.915,14.6,20
Jordan,JOR,1996,52.87889893,0.223959606,6927503526,2.087020782,1410.174242,78.18022437,6.501218027,71.105,13.7,18
Jordan,JOR,1997,49.24759893,4.981215814,7245839210,3.308475383,1435.875938,71.48951395,3.037884203,71.324,13.74,25
Jordan,JOR,1998,44.79510499,3.918143249,7912270804,3.01217269,1532.113804,64.25729794,3.091666667,71.521,13.841,27
Jordan,JOR,1999,43.31078518,1.938286347,8149929478,3.389530794,1544.587506,61.15958846,0.606256568,71.737,13.763,30
Jordan,JOR,2000,41.82739594,10.79400537,8460789845,4.245711921,1570.610029,68.50150866,0.666880926,71.926,13.7,35
Jordan,JOR,2001,42.13429294,3.048505142,8975814653,5.269957575,1632.29454,67.15118563,1.772204374,72.141,14.7,50
Jordan,JOR,2002,47.42125405,2.486017341,9582510578,5.783807927,1706.267444,66.61760377,1.83299389,72.359,15.3,55
Jordan,JOR,2003,47.37227994,5.364726714,10195627645,4.161667555,1775.676256,68.33455531,1.63,72.585,14.5,60
Jordan,JOR,2004,52.18949684,8.209222707,11411706629,8.567214242,1940.086413,82.43211509,3.361868215,72.788,14.626,65
Jordan,JOR,2005,52.70458008,15.76364614,12588998590,8.146594811,2087.870793,94.20431119,3.493685346,72.977,14.8,70
Jordan,JOR,2006,53.87432789,23.53729134,15056981664,8.092975278,2342.634596,87.87305394,6.251724667,73.225,14,75
Jordan,JOR,2007,54.23491299,15.32482626,17110437236,8.176169952,2506.205995,91.75933329,4.74390639,73.407,13.1,80
Jordan,JOR,2008,56.05049657,12.4753075,22658715989,7.220386373,3241.652414,84.8624294,13.971231,73.563,12.7,85
Jordan,JOR,2009,45.07547171,9.834178745,24537876056,5.023710073,3435.833759,67.07652648,-0.739069743,73.707,12.9,90
Jordan,JOR,2010,46.99714264,6.22247567,27133804225,2.314834221,3718.465716,67.22553505,4.845518759,73.797,12.5,95
Jordan,JOR,2011,46.55057763,5.033358727,29524149155,2.737179886,3946.855039,72.14910187,4.162441629,73.929,12.9,100
Jordan,JOR,2012,45.22598541,4.894806887,31634561690,2.429358001,4169.504701,72.62960228,4.515229567,74.087,12.2,105
Jordan,JOR,2013,41.29560357,5.649771687,34454440141,2.609947375,4311.219167,70.15592442,4.824623143,74.282,12.6,80
Jordan,JOR,2014,42.13390771,5.912048902,36847643521,3.384078099,4191.180501,67.80489783,2.89947905,74.606,11.9,75
Jordan,JOR,2015,36.54443702,4.147202292,38587017887,2.496528793,4042.756781,58.8134752,-0.87685136,75.06,13.075,70
Jordan,JOR,2016,34.39521007,3.892851429,39892551127,1.994180849,3986.71677,54.32550783,-0.778430463,75.55,15.275,65
Jordan,JOR,2017,34.36836913,4.878141332,41608435915,2.473598154,4065.616287,55.36323138,3.323894476,76.071,18.12,60
Jordan,JOR,2018,34.79911584,2.201776866,43370860704,1.919070913,4145.439897,52.83679935,4.462311085,76.491,18.257,55
Jordan,JOR,2019,36.33494044,1.639705651,44503006338,1.751240779,4170.1144,49.35289306,0.761514047,76.865,16.801,50
Jordan,JOR,2020,23.89994196,1.739759783,43700383099,-1.102751883,4022.040136,42.16000685,0.333294351,75.583,19.213,45
Jordan,JOR,2021,29.95841426,1.34316062,46296100141,3.65564359,4183.499983,50.37445569,1.346093772,74.204,19.837,70
Jordan,JOR,2022,42.53746716,1.973825354,48764963380,2.647435149,4332.251599,61.55799228,4.229155689,77.088,18.2,75
Jordan,JOR,2023,43.51688339,3.927183138,51088476338,2.884083393,4466.083142,56.83098536,2.084869863,77.814,16.62,80
Jordan,JOR,2024,42.61205512,3.063875797,53352289577,2.488894096,4618.095925,57.06739262,1.556596113,,16.693,85
Kuwait,KWT,1990,44.93894897,0.030388906,18427777778,-26.22889252,10937.54153,58.07205118,9.833635315,73.41714634,,23
Kuwait,KWT,1991,16.90203901,0.007266126,11009993703,-41.00779067,8147.108073,125.7109153,9.058188362,73.9072439,0.884,20
Kuwait,KWT,1992,40.47026619,0.177757141,19858555215,82.80932903,12146.19506,54.21779878,-0.545471214,76.00239024,0.878,18
Kuwait,KWT,1993,47.77118521,0.055352255,23941391391,33.99046756,14317.72094,44.28584998,0.382541365,76.0514878,0.8,19
Kuwait,KWT,1994,50.85365925,6.113780941,24848483838,8.436165645,14929.74411,42.33062503,2.534435262,76.03282927,0.7,25
Kuwait,KWT,1995,52.35460136,0.024649082,27186980647,4.858291252,16168.1656,41.96502299,2.686727566,75.9797561,0.694,20
Kuwait,KWT,1996,52.28494766,1.102970079,31492373309,0.605127159,18201.09586,39.18719708,3.553985697,75.92504878,0.7,18
Kuwait,KWT,1997,52.85281371,0.065169966,30350190704,2.473325258,16977.38956,39.59073284,0.682191435,75.90714634,0.7,25
Kuwait,KWT,1998,43.86264466,0.227661054,25943705784,3.662054728,14066.95096,51.09719851,0.129658288,75.96429268,0.7,27
Kuwait,KWT,1999,45.93389097,0.239920871,30122365849,-1.789009125,15853.62644,39.43422358,2.990810359,76.07795122,0.7,30
Kuwait,KWT,2000,56.47217445,0.04321415,37718743480,4.694581871,19296.34717,30.14615006,1.812946139,76.22587805,0.8,35
Kuwait,KWT,2001,51.30841121,-0.319626516,34889559870,0.213332576,17374.23187,35.54205607,1.3,76.38434146,0.8,50
Kuwait,KWT,2002,44.61604832,0.009490933,38135788414,3.014283152,18512.7523,36.60914582,0.888450148,76.53163415,1.1,55
Kuwait,KWT,2003,52.0915106,-0.140181901,47874582232,17.32602042,22690.65518,34.46366491,0.961350294,76.64456098,1.3,60
Kuwait,KWT,2004,56.91711338,0.039961865,59439090601,10.24029806,27552.28274,32.3805283,1.248564437,76.72768293,1.7,65
Kuwait,KWT,2005,63.9760609,0.289490192,80798630137,10.60904498,36122.61427,28.2666192,4.142975836,76.80078049,1.455,70
Kuwait,KWT,2006,65.54573372,0.119445436,1.01557E+11,7.514773,42946.63741,24.16735947,3.057013392,76.88768293,1.3,75
Kuwait,KWT,2007,63.4150384,0.097297179,1.14634E+11,5.991575511,45709.41329,28.31746499,5.484949833,77.01017073,1.5,80
Kuwait,KWT,2008,66.75954952,-0.004038379,1.4738E+11,2.479756943,55585.18893,25.92390673,10.58270979,77.18904878,1.75,85
Kuwait,KWT,2009,59.43363435,1.050865144,1.05969E+11,-7.076056431,37907.10013,29.37743063,4.609595484,77.43336585,1.64,90
Kuwait,KWT,2010,66.67351127,1.130367304,1.15416E+11,-2.370548044,39212.25222,30.35451039,4.496402878,77.72621951,1.82,95
Kuwait,KWT,2011,73.217675,2.115738651,1.54039E+11,9.628634195,49169.60638,25.89881776,4.839403499,78.0522439,2.051,100
Kuwait,KWT,2012,74.73183711,1.650461097,1.74048E+11,6.625874851,52155.22258,26.27959799,3.255146003,78.39502439,2.227,105
Kuwait,KWT,2013,70.86101799,0.823130245,1.74168E+11,1.149465528,49651.04393,26.74447334,2.682296841,78.74180488,2.465,80
Kuwait,KWT,2014,68.50552513,0.298681409,1.6265E+11,0.500914669,44368.78135,31.53166472,2.908926729,79.08034146,2.9,75
Kuwait,KWT,2015,53.76537245,0.248414926,1.14586E+11,0.592770817,29882.21265,44.934616,3.271701661,79.37656098,2.2,70
Kuwait,KWT,2016,47.63228526,0.266918369,1.09407E+11,2.926075843,27323.68907,48.52538711,3.198397767,79.67758537,2.16,65
Kuwait,KWT,2017,51.19631559,0.093640209,1.20688E+11,-4.712222705,29047.65361,46.64373086,2.171832985,79.91607317,2.23,60
Kuwait,KWT,2018,57.31146275,-0.015418779,1.38646E+11,2.74333045,32067.96238,45.4741679,0.543133148,80.10636585,2.202,55
Kuwait,KWT,2019,52.05825608,0.366059042,1.40856E+11,2.263817066,31707.87374,39.62745631,1.091848027,81.9697561,2.213,50
Kuwait,KWT,2020,43.71314723,-0.502546857,1.11045E+11,-4.817315934,25236.07558,38.2993629,2.101729548,78.76097561,3.489,45
Kuwait,KWT,2021,51.72636307,-0.183575379,1.48351E+11,1.672130543,34018.63426,30.27557639,3.423629476,78.73658537,2.97,70
Kuwait,KWT,2022,60.44930631,0.409943823,1.83502E+11,6.75866712,39981.7691,30.47110539,3.98064962,80.58780488,2.133,75
Kuwait,KWT,2023,57.73015051,1.278598981,1.65384E+11,-1.66720598,34075.84901,38.34963764,3.64216403,83.18780488,2.08,80
Kuwait,KWT,2024,,0.383567812,1.60227E+11,-2.560111,32717.71866,,2.898550725,,2.151,85
Lebanon,LBN,1990,17.99278605,0.227233866,2838485354,26.53316009,789.5263385,99.91302198,,65.479,,23
Lebanon,LBN,1991,12.52883571,0.034751722,4690415093,49.44737918,1278.421257,79.9258363,,70.865,8.594,20
Lebanon,LBN,1992,10.85070516,0.315902283,5843579161,16.4383457,1559.381006,71.99355128,,71.169,8.225,18
Lebanon,LBN,1993,9.174398857,0.09317852,7941744492,10.7656698,2078.638642,67.17667586,,71.559,8.226,19
Lebanon,LBN,1994,7.870608735,0.235021371,9599127050,8.105241977,2467.769427,62.40150674,,72.03,8.321,25
Lebanon,LBN,1995,10.80645488,0.298665506,11718795529,6.44886257,2958.74264,62.32893212,,72.383,8.421,20
Lebanon,LBN,1996,12.84632,0.584358875,13690217334,11.28593572,3393.050907,55.25029276,,72.614,8.413,18
Lebanon,LBN,1997,14.53195876,11.42467711,15751867489,1.054966667,3834.059079,47.55463918,,72.94,8.62,25
Lebanon,LBN,1998,13.76343264,6.580224625,17247179006,3.665723785,4124.855279,40.95376496,,73.201,8.571,27
Lebanon,LBN,1999,14.06398963,5.012211573,17391056369,-0.525584635,4086.938728,36.75018114,,73.513,8.787,30
Lebanon,LBN,2000,14.17755573,5.75581692,17260364842,1.34187162,3986.835139,35.9377402,,73.895,8.641,35
Lebanon,LBN,2001,15.604916,8.237549526,17649751244,3.839669277,4009.559298,39.95189236,,74.354,8.499,50
Lebanon,LBN,2002,16.09864228,6.975529146,19152238806,3.423149828,4290.852838,34.94389027,,74.836,8.248,55
Lebanon,LBN,2003,16.73658134,14.24105903,20082918740,3.227098269,4437.715885,37.35425268,,75.275,8.061,60
Lebanon,LBN,2004,35.05490455,8.973516095,21159827992,6.679444616,4600.683714,55.91789248,,75.693,7.85,65
Lebanon,LBN,2005,36.62353871,12.20384959,21497336499,2.68577931,4602.198046,56.13911756,,76.074,8.249,70
Lebanon,LBN,2006,35.58965751,12.14443813,22022709851,1.549515001,4635.251412,55.47973952,,75.677,8.679,75
Lebanon,LBN,2007,37.141517,13.5978269,24827355015,9.310622526,5125.2581,60.82619096,,76.732,8.98,80
Lebanon,LBN,2008,38.54565444,14.88051772,29118916105,9.069128268,5912.045328,68.08001874,,76.956,7.666,85
Lebanon,LBN,2009,33.1957017,13.56965891,35399582929,10.23215558,7090.854939,57.20213716,1.195096712,77.262,6.355,90
Lebanon,LBN,2010,35.02312287,11.13279363,38443907042,7.975135558,7625.810516,60.07353008,3.983479419,77.529,6.768,95
Lebanon,LBN,2011,36.36309723,7.856939895,39927125962,0.867339879,7834.962571,65.77678518,4.971485717,77.768,7.352,100
Lebanon,LBN,2012,28.80921288,7.068471662,44016799516,2.564791337,8406.984056,59.73628904,6.581474477,77.941,7.952,105
Lebanon,LBN,2013,26.64675475,5.67636791,46880103081,3.827873499,8162.379294,59.52757385,4.821019563,78.037,8.477,80
Lebanon,LBN,2014,23.7561645,5.951755286,48095213747,2.484060105,7577.64133,56.06099209,1.854604213,78.148,8.84,75
Lebanon,LBN,2015,23.13966773,4.324691745,49929337837,0.462320793,7714.11,48.69937491,-3.749145248,78.275,9.312,70
Lebanon,LBN,2016,21.72615589,5.021740406,51147308774,1.554549409,8089.012088,45.9974619,-0.783359624,78.306,9.794,65
Lebanon,LBN,2017,21.92693319,4.75677914,53027680686,0.903028464,8608.21085,46.52849607,4.321352183,78.192,10.258,60
Lebanon,LBN,2018,20.75452116,4.84140309,54901519156,-1.884705756,9174.536662,47.50278615,6.076989079,78.263,10.755,55
Lebanon,LBN,2019,20.69775896,3.69413245,51605959131,-6.914924729,8905.880055,42.28315705,3.005389494,78.208,11.301,50
Lebanon,LBN,2020,16.37258687,5.067129866,31712128254,-21.39989969,5561.19167,33.75721742,84.86433305,76.299,13.252,45
Lebanon,LBN,2021,26.02562769,2.592900684,23131941557,-7.001238625,4045.373911,52.80299271,154.756096,73.65,12.715,70
Lebanon,LBN,2022,34.82877925,2.509661606,20992421949,-0.621678971,3654.358455,80.05949902,171.2054913,78.003,11.105,75
Lebanon,LBN,2023,30.55141197,3.264354674,20078620357,-0.76058447,3477.724898,73.6549981,221.341644,77.817,10.985,80
Lebanon,LBN,2024,,,,,,,45.24304227,,,85
Oman,OMN,1990,41.44358904,1.068818633,13310273082,-0.130425738,7545.703052,19.79366134,,69.012,,23
Oman,OMN,1991,37.78864931,1.046888527,12918335501,6.074077908,6977.328592,24.92399992,,69.584,4.056,20
Oman,OMN,1992,39.24013496,0.735294118,14183615085,8.413884259,7317.788158,25.48775121,,70.114,4.16,18
Oman,OMN,1993,37.79516046,0.997879962,14230429129,6.042960675,7038.930159,27.28635134,,70.608,4.009,19
Oman,OMN,1994,37.73418169,0.51961824,14715214564,3.875774167,7068.38997,24.95581478,,71.072,4.073,25
Oman,OMN,1995,38.64222854,0.294448488,15722236671,4.99681952,7414.302792,25.50784093,,71.56,4.167,20
Oman,OMN,1996,43.71478531,0.348234217,17402080624,3.04593991,8068.000768,25.67589783,,72.023,4.254,18
Oman,OMN,1997,43.91390222,0.357542922,18039791938,6.033512507,8234.640638,27.68046365,,72.463,4.196,25
Oman,OMN,1998,36.82930783,0.635743228,16044213264,-0.067874093,7219.029324,43.65375263,,72.882,4.346,27
Oman,OMN,1999,42.89235346,0.224866917,17832769831,0.297595696,7915.441694,33.71884434,,73.276,4.433,30
Oman,OMN,2000,52.88124503,0.368381081,22259557867,6.192410637,9753.847552,28.5320372,,73.643,4.433,35
Oman,OMN,2001,52.06076293,0.023424415,22205721717,4.613166494,9611.963602,32.46623956,-0.816666667,73.979,4.298,50
Oman,OMN,2002,51.07851207,0.473575609,23065539662,-0.784165786,9869.130502,32.57523651,-0.279578823,74.276,4.335,55
Oman,OMN,2003,49.8417472,0.100945311,24733680104,-2.19466568,10463.54258,35.00488954,0.231328682,74.521,4.599,60
Oman,OMN,2004,49.76309833,0.391323075,28378933680,1.99251511,11800.85074,38.8482088,0.624969063,74.82,4.693,65
Oman,OMN,2005,55.29430723,4.332571563,35506892068,2.779443603,14434.85779,31.46699481,1.909835535,75.07,4.589,70
Oman,OMN,2006,53.78380194,3.748679075,42577633290,4.669814819,16930.85651,32.36190604,3.544985916,75.354,4.387,75
Oman,OMN,2007,54.61594378,6.898742697,48300390117,4.980654671,18792.65377,40.24984519,5.830484181,75.596,4.309,80
Oman,OMN,2008,56.67308746,4.228778796,69804681404,8.95005895,26576.77924,38.08881553,12.37540915,76.124,4.142,85
Oman,OMN,2009,52.79029739,2.721589337,55454096229,5.981966949,20655.91802,38.83763794,3.468810238,76.631,3.977,90
Oman,OMN,2010,59.09563826,1.911964786,64993498049,2.471998566,23570.17981,37.29091637,3.256579591,77.184,3.911,95
Oman,OMN,2011,63.91747042,2.102188752,77497529259,2.894609735,25188.00742,37.72426152,4.042188671,77.74,3.95,100
Oman,OMN,2012,62.72185476,1.561202903,87408842653,8.863122256,24642.29788,39.35290565,2.947734953,78.187,3.753,105
Oman,OMN,2013,66.03162485,1.792864469,89936020806,5.227704081,23458.02338,46.51189691,1.053548203,78.633,3.553,80
Oman,OMN,2014,61.44017866,1.387657535,92699089727,1.292252294,23160.65023,40.83854243,1.014014839,79.03,3.453,75
Oman,OMN,2015,49.65256094,-2.760017578,78710793238,5.017057997,18808.30779,46.72501925,0.065290133,79.346,3.403,70
Oman,OMN,2016,41.31962474,3.016249524,75128738622,5.046423946,17110.18975,41.54463946,1.109208058,79.581,3.266,65
Oman,OMN,2017,45.71654648,3.560055839,80856697009,0.304057566,17820.06618,43.23660154,1.589094136,79.748,2.523,60
Oman,OMN,2018,50.62244202,6.120679854,91505851756,1.287103915,19901.76156,38.65677581,0.889312371,79.864,1.8,55
Oman,OMN,2019,49.492903,2.269089234,88060858257,-1.128638017,19180.18642,36.98529803,0.490815363,79.946,2.045,50
Oman,OMN,2020,47.05487337,2.515486241,75909492848,-3.379720527,16784.86306,44.82101743,-0.406402919,77.763,2.94,45
Oman,OMN,2021,53.32975935,10.01518942,87323797139,2.582174989,19403.46002,42.61972838,1.682211859,75.969,1.9,70
Oman,OMN,2022,63.25050191,6.255445282,1.09853E+11,7.985707284,23223.58294,42.49450737,2.506142506,77.911,3.3,75
Oman,OMN,2023,61.58434274,11.8157929,1.06175E+11,1.414013958,21027.73848,44.86238826,0.950782998,80.031,3.176,80
Oman,OMN,2024,66.07256611,11.63511815,1.07137E+11,1.631632211,20285.22729,48.78010541,0.593589236,,3.203,85
Qatar,QAT,1990,,0.066300389,7360439423,3.414462082,16721.62077,,3.000968054,73.405,,23
Qatar,QAT,1991,,0.617998084,6883516484,-1.662232522,15133.49694,,4.417293233,73.654,0.87,20
Qatar,QAT,1992,,0.517645866,7646153984,11.33052771,16280.29388,,3.060306031,73.876,0.87,18
Qatar,QAT,1993,,1.006763881,7156593654,-1.325136108,14769.71933,,-0.873362445,74.071,0.87,19
Qatar,QAT,1994,44.87575808,1.787929761,7374450769,1.418708419,14764.87714,33.7741688,1.321585903,74.245,0.87,25
Qatar,QAT,1995,44.33866814,1.149680658,8137911978,2.399236218,15822.50907,43.32928389,2.956521739,74.404,0.87,20
Qatar,QAT,1996,43.72574217,3.740559308,9059340385,4.37391057,17124.79209,39.78347889,4.904534606,74.558,0.87,18
Qatar,QAT,1997,48.28080961,3.702755596,11297802115,30.01203983,20522.8013,36.16622923,4.834489819,74.713,0.87,25
Qatar,QAT,1998,51.09563094,3.386477192,10255495027,11.21865244,17665.44084,39.96249462,2.951388889,74.872,0.87,27
Qatar,QAT,1999,60.04078828,0.913812596,12393131868,4.284064396,20233.68468,25.69218151,2.181703204,75.048,0.87,30
Qatar,QAT,2000,67.2833586,1.416675432,17759890110,8.028125452,27535.18294,22.32930112,1.650335224,75.25,0.87,35
Qatar,QAT,2001,65.89285714,1.684982456,17538461538,3.898186662,25870.79919,29.07581454,1.471334348,75.486,0.87,50
Qatar,QAT,2002,60.34277283,3.222105442,19363736264,7.18215168,27226.65935,28.1269508,0.24,75.766,0.87,55
Qatar,QAT,2003,61.69758239,2.655415757,23533791209,3.719958677,31602.47087,28.46736631,2.264565044,76.097,0.87,60
Qatar,QAT,2004,64.16822495,3.778179583,31734065934,19.21891534,41035.50084,26.20420389,6.79933665,76.484,0.87,65
Qatar,QAT,2005,65.08504482,5.614130334,44530494505,7.492758483,53949.67641,29.66049935,8.814395323,76.909,0.87,70
Qatar,QAT,2006,62.81773017,5.748812108,60882142857,26.17024567,62582.44531,35.75318915,11.83580962,77.323,0.87,75
Qatar,QAT,2007,60.27737186,5.896219912,79712087912,17.98565682,65954.34195,35.83673385,13.75816258,77.741,0.52,80
Qatar,QAT,2008,61.36235262,3.27806417,1.1527E+11,17.66355636,80781.40392,28.07048903,15.05014516,78.262,0.31,85
Qatar,QAT,2009,51.13487609,8.307641308,97798351648,11.95656113,60785.73516,29.00928688,-4.863278016,78.837,0.31,90
Qatar,QAT,2010,63.07335729,3.777752592,1.23627E+11,19.59217448,76462.61195,24.03783975,-2.425256752,79.444,0.45,95
Qatar,QAT,2011,72.6197065,0.559389031,1.67775E+11,13.37523455,103261.5103,26.1019286,1.138366235,79.994,0.56,100
Qatar,QAT,2012,76.4724133,0.211888706,1.86834E+11,4.730085137,108470.387,29.27387314,2.315348534,80.499,0.48,105
Qatar,QAT,2013,72.71779686,-0.422882374,1.98728E+11,5.556103642,103697.0628,29.66535751,3.221977568,80.974,0.28,80
Qatar,QAT,2014,67.99807635,0.504490727,2.06225E+11,5.334341598,95840.68989,31.03623754,3.349720857,81.395,0.2,75
Qatar,QAT,2015,57.06152025,0.662099797,1.6174E+11,4.753323729,68985.24334,36.64615369,1.814077239,81.785,0.17,70
Qatar,QAT,2016,47.71385376,0.510044269,1.51732E+11,3.064105032,61253.6218,41.83376938,2.676591701,82.147,0.15,65
Qatar,QAT,2017,52.88940503,0.61203852,1.61099E+11,-1.497562091,63279.87675,38.60515245,0.394878914,82.458,0.14,60
Qatar,QAT,2018,55.94179878,-1.192495579,1.83335E+11,1.23483197,71039.93082,35.89654449,0.255815383,82.714,0.11,55
Qatar,QAT,2019,52.18881232,-1.594723922,1.76371E+11,0.688255894,66841.36232,37.85748109,-0.666641125,82.945,0.1,50
Qatar,QAT,2020,49.1188187,-1.685506546,1.44412E+11,-3.557502843,51683.56811,40.90016703,-2.54031503,80.409,0.14,45
Qatar,QAT,2021,58.72597348,-0.608353395,1.79732E+11,1.626935873,71751.93634,34.05311628,2.304465657,81.083,0.14,70
Qatar,QAT,2022,68.59840882,0.03228506,2.35709E+11,4.184970185,88701.46898,31.61523202,4.995275537,81.857,0.13,75
Qatar,QAT,2023,,-0.218203976,2.17309E+11,1.539791177,81816.9798,,3.027648992,82.368,0.13,80
Qatar,QAT,2024,,0.209965002,2.19163E+11,2.359705869,76688.69417,,1.267343103,,0.13,85
Saudi Arabia,SAU,1990,40.33482776,1.582360441,1.1763E+11,9.426098541,11054.7495,31.37324783,2.077151335,68.874,,23
Saudi Arabia,SAU,1991,38.30839944,0.12100748,1.32223E+11,8.220770745,11847.16995,36.3908994,4.861111111,69.341,7.316,20
Saudi Arabia,SAU,1992,39.10680686,-0.05757865,1.37088E+11,4.580582062,11730.26877,35.98522772,-0.077006006,69.799,7.2,18
Saudi Arabia,SAU,1993,34.35281596,1.028217646,1.32968E+11,0.379835927,10884.86079,33.45415842,1.055795314,70.208,7.002,19
Saudi Arabia,SAU,1994,34.00094819,0.258430621,1.35175E+11,0.952965973,10601.91967,26.07036327,0.564325479,70.587,6.733,25
Saudi Arabia,SAU,1995,37.33784136,-1.307817642,1.43343E+11,0.311708028,10786.4009,27.70388585,4.868431031,70.944,6.365,20
Saudi Arabia,SAU,1996,40.02282094,-0.710606971,1.58662E+11,3.304682542,11471.5046,26.63099912,1.222060549,71.288,5.804,18
Saudi Arabia,SAU,1997,39.15859792,1.831404664,1.65964E+11,2.647319399,11545.3456,26.02946902,0.057150605,71.624,5.283,25
Saudi Arabia,SAU,1998,29.6323818,2.918380547,1.46775E+11,2.80381184,9836.057298,26.45601081,-0.371266752,71.957,4.752,27
Saudi Arabia,SAU,1999,34.66647099,-0.481664273,1.61717E+11,-0.633393641,10452.18994,23.17957783,-1.333754897,72.29,4.346,30
Saudi Arabia,SAU,2000,43.40526903,-0.992569099,1.89515E+11,4.718134221,11714.56237,24.76117977,-1.124998385,72.607,4.57,35
Saudi Arabia,SAU,2001,39.63369422,0.010665937,1.84138E+11,0.344593196,10805.31133,23.92688946,-1.120948049,72.951,4.618,50
Saudi Arabia,SAU,2002,40.94880327,-0.323899964,1.89606E+11,-0.68839013,10586.05435,23.64399414,0.247186492,73.296,5.265,55
Saudi Arabia,SAU,2003,45.85414919,-0.271772776,2.15808E+11,8.768733817,11487.22041,23.97702152,0.612195358,73.657,5.563,60
Saudi Arabia,SAU,2004,50.98533108,-0.129209725,2.58742E+11,8.631005459,13154.4979,24.09750557,0.515507898,74.027,5.822,65
Saudi Arabia,SAU,2005,57.05074299,1.335158503,3.2846E+11,5.944896239,15975.74738,24.90333295,0.479231672,74.4,6.051,70
Saudi Arabia,SAU,2006,59.83190824,1.585536023,3.769E+11,3.313484736,17563.61454,30.11269643,2.209023141,74.762,6.254,75
Saudi Arabia,SAU,2007,59.93744014,1.484578845,4.15965E+11,2.213653964,18596.15026,34.92587696,4.167823584,75.066,5.734,80
Saudi Arabia,SAU,2008,62.11150203,1.059256996,5.19797E+11,6.237987537,22320.4889,33.99112884,9.870248168,75.301,5.085,85
Saudi Arabia,SAU,2009,47.08862065,0.101690387,4.29098E+11,-1.066717112,17718.39116,37.76972091,5.057222761,75.447,5.377,90
Saudi Arabia,SAU,2010,49.56971453,0.923670092,5.28207E+11,5.039515082,22028.39014,32.9799705,5.33941733,75.616,5.55,95
Saudi Arabia,SAU,2011,55.27334614,0.688133632,6.80661E+11,11.75882069,27126.74987,29.08608811,5.826216374,75.808,5.77,100
Saudi Arabia,SAU,2012,53.11984764,0.669626014,7.51921E+11,5.761573823,28733.43755,28.6208309,2.866270299,76.09,5.622,105
Saudi Arabia,SAU,2013,50.37251644,0.437984196,7.69756E+11,2.945637892,27865.4656,29.87898499,3.511042098,76.517,5.6,80
Saudi Arabia,SAU,2014,45.09584582,0.191711517,7.87153E+11,4.024671584,27805.48503,32.90426529,2.241853488,77.116,5.877,75
Saudi Arabia,SAU,2015,31.44013162,0.572622098,6.93414E+11,4.655123167,23256.15496,35.66513761,1.222693186,77.776,5.6,70
Saudi Arabia,SAU,2016,29.14308971,3.185186119,6.89279E+11,1.704047392,22267.72171,28.7785738,2.053470768,78.354,5.6,65
Saudi Arabia,SAU,2017,32.3625379,0.136801407,7.41266E+11,1.182107059,23929.29071,27.16944126,-0.834845735,78.721,5.89,60
Saudi Arabia,SAU,2018,35.52098316,1.369456833,8.86565E+11,3.22695089,29360.0659,23.58192731,2.46594309,78.75,6.029,55
Saudi Arabia,SAU,2019,32.15920498,0.346411456,8.8889E+11,1.651589256,29566.79338,24.63461551,-1.192986445,78.313,5.636,50
Saudi Arabia,SAU,2020,23.80981153,0.211115523,7.67951E+11,-3.80478902,24338.83073,23.7233477,3.37234961,77.596,7.66,45
Saudi Arabia,SAU,2021,29.1556614,2.885061217,9.82661E+11,6.519596983,31920.76537,21.72826494,3.063289889,77.089,6.621,70
Saudi Arabia,SAU,2022,35.9850099,2.155644963,1.23908E+12,12.00058748,38510.22762,20.83915488,2.474073719,77.31,5.589,75
Saudi Arabia,SAU,2023,30.24251963,1.871310322,1.21858E+12,0.542592439,36156.84834,23.9264922,2.327085184,78.732,4.008,80
Saudi Arabia,SAU,2024,29.10921227,1.72104243,1.2398E+12,1.996501734,35121.66287,25.569493,1.687921124,,3.518,85
United Arab Emirates,ARE,1990,,-0.22843531,50701443748,18.32798553,26709.99344,,,71.074,,23
United Arab Emirates,ARE,1991,,0.050317964,51552165622,0.860081948,25690.96863,,,71.144,1.629,20
United Arab Emirates,ARE,1992,,0.239162943,54239171888,3.344944858,25648.27278,,,71.166,1.715,18
United Arab Emirates,ARE,1993,,0.721471949,55625170253,1.261190946,25032.78227,,,71.159,1.901,19
United Arab Emirates,ARE,1994,,0.105319789,59305093980,6.896148553,25472.63966,,,71.204,1.834,25
United Arab Emirates,ARE,1995,,0.608195467,65743666576,6.68788646,27003.20068,,,71.392,1.8,20
United Arab Emirates,ARE,1996,,0.408474867,73571233996,5.798404069,28323.16509,,,71.82,1.836,18
United Arab Emirates,ARE,1997,,0.294815986,78839008445,8.190398649,27982.7957,,,72.559,1.906,25
United Arab Emirates,ARE,1998,,0.340485312,75674336283,0.291994342,24889.42692,,,73.66,2.068,27
United Arab Emirates,ARE,1999,,-1.166835786,84445473111,2.90221364,25855.8605,,,74.982,2.195,30
United Arab Emirates,ARE,2000,,-0.485281533,1.04337E+11,10.85270422,29865.50235,,,76.347,2.25,35
United Arab Emirates,ARE,2001,49.15922533,1.14589217,1.03312E+11,1.399085037,27745.17081,40.7053546,,77.621,2.443,50
United Arab Emirates,ARE,2002,49.50334738,0.086781366,1.09816E+11,2.433456811,27753.60895,43.56831143,,78.721,2.659,55
United Arab Emirates,ARE,2003,55.92319922,3.422662711,1.24346E+11,8.800540814,29659.54286,46.37697028,,79.6,2.903,60
United Arab Emirates,ARE,2004,63.56772981,6.767152113,1.47824E+11,9.566436638,33376.71523,53.05488271,,80.272,2.965,65
United Arab Emirates,ARE,2005,67.58531139,6.034816041,1.80617E+11,4.855141196,38719.31383,51.96756025,,80.779,3.12,70
United Arab Emirates,ARE,2006,68.62779767,5.765437532,2.22117E+11,9.837319769,44342.60483,50.84287191,,81.155,2.964,75
United Arab Emirates,ARE,2007,72.3840975,5.500439717,2.57916E+11,3.184390173,45854.73252,64.41405537,,81.438,2.934,80
United Arab Emirates,ARE,2008,78.8678887,1.604874607,3.15475E+11,3.191836273,50054.17007,69.64565532,12.25042024,81.591,2.818,85
United Arab Emirates,ARE,2009,79.65331786,0.447367366,2.53547E+11,-5.242921904,37803.06637,73.8086265,1.561813174,81.679,2.932,90
United Arab Emirates,ARE,2010,77.44553436,2.858540325,3.07736E+11,1.602850047,44795.29493,58.04017477,0.877983288,81.886,2.798,95
United Arab Emirates,ARE,2011,85.62864837,1.938861867,3.68881E+11,6.736467869,51921.90451,58.5481385,0.877346596,81.898,2.587,100
United Arab Emirates,ARE,2012,95.60086625,2.435542392,3.92793E+11,4.683265702,53141.61243,61.03682825,0.6622689,81.913,2.323,105
United Arab Emirates,ARE,2013,95.75518354,2.38382217,4.09633E+11,4.918478067,53247.24095,61.64290045,1.101118364,81.95,2.125,80
United Arab Emirates,ARE,2014,94.77385608,2.605460654,4.24936E+11,4.63288145,52725.23584,64.74175898,2.346268657,81.99,1.999,75
United Arab Emirates,ARE,2015,93.86254309,2.238613957,3.81973E+11,7.087673486,44910.335,70.42363965,4.069966084,82.076,1.793,70
United Arab Emirates,ARE,2016,94.47475347,2.51620201,3.81717E+11,5.657933292,42721.09994,70.9202657,1.617488089,82.195,1.64,65
United Arab Emirates,ARE,2017,94.73739636,2.566961124,4.03365E+11,-1.061376615,43733.61923,70.73914611,1.966825578,82.388,2.462,60
United Arab Emirates,ARE,2018,90.84295813,2.3572915,4.4056E+11,1.537166832,47135.35919,63.90404689,3.068633793,82.449,2.236,55
United Arab Emirates,ARE,2019,93.30230912,4.119285643,4.33926E+11,1.271342408,45938.60736,70.51984382,-1.931081148,82.596,2.331,50
United Arab Emirates,ARE,2020,98.07246754,5.567355079,3.57162E+11,-8.693426179,37991.7493,83.21942063,-2.079403179,81.936,4.294,45
United Arab Emirates,ARE,2021,100.6425743,4.89230472,4.22441E+11,4.552785712,44118.50472,82.2667808,0.179935336,79.083,3.105,70
United Arab Emirates,ARE,2022,102.051989,4.445913992,5.11403E+11,7.514484258,50759.75892,83.68967201,5.291226044,80.487,2.872,75
United Arab Emirates,ARE,2023,106.846139,5.871840694,5.22622E+11,4.30118228,49850.68722,92.19884022,1.626708372,82.909,2.151,80
United Arab Emirates,ARE,2024,,8.26261713,5.52325E+11,3.991807055,50273.50605,,1.663365102,,2.16,85
Yemen,YEM,1990,11.16832871,-1.035288257,12643821569,,910.422466,16.45933751,,58.528,,23
Yemen,YEM,1991,17.6735906,1.926296755,14665445462,6.29349386,1016.30223,30.24776872,36,58.805,8.428,20
Yemen,YEM,1992,16.21182802,3.997913692,17959367194,8.207598137,1198.130317,29.93852345,29.41176471,59.26,8.351,18
Yemen,YEM,1993,19.92683033,4.154244826,21736802664,4.001966381,1396.615444,38.2135839,35.75229802,59.655,8.343,19
Yemen,YEM,1994,39.77714169,0.056389333,28019483764,6.721949122,1735.044195,29.18689861,49.39415538,59.828,8.34,25
Yemen,YEM,1995,45.48633968,-1.701266951,12796345679,5.669371322,764.4146561,41.95835231,55.08110687,60.532,8.988,20
Yemen,YEM,1996,38.50609505,-0.925161427,6496163616,4.634967317,375.2149947,47.43301239,30.73373327,60.884,9.585,18
Yemen,YEM,1997,36.28420072,-2.025357615,6838298531,5.23111204,382.5849287,43.86178794,2.176726674,61.34,10.223,25
Yemen,YEM,1998,26.5435324,-3.47032438,6322175566,6.006694599,342.7394075,46.11846615,5.976508521,61.788,10.828,27
Yemen,YEM,1999,34.83935369,-4.026533602,7639325296,3.775530496,401.4481417,37.16457405,8.660219494,62.275,11.46,30
Yemen,YEM,2000,41.40890494,0.066115307,9679316770,6.181915593,493.2351826,34.0299337,4.59,62.761,11.557,35
Yemen,YEM,2001,35.89692564,1.57455746,9852990693,3.803645872,487.1412579,34.99547234,11.91159129,63.286,11.724,50
Yemen,YEM,2002,37.00117334,1.068899264,10693430511,3.935231505,513.2414866,37.72928252,12.23853394,63.807,11.839,55
Yemen,YEM,2003,36.43900687,-0.756584614,11777532662,3.747398185,548.905883,37.94360973,10.8323607,64.407,12.014,60
Yemen,YEM,2004,36.38249525,1.035346016,13867634371,3.972696401,627.6320234,35.46417876,12.51509515,64.881,12.131,65
Yemen,YEM,2005,40.89681954,-1.805310536,16731566717,5.591748076,734.1599085,35.87646614,11.81126394,65.356,12.213,70
Yemen,YEM,2006,41.25855032,5.880299897,19063143370,3.170409359,809.7131276,40.81761233,10.84479869,65.8,12.349,75
Yemen,YEM,2007,35.90342354,4.236848041,21650528674,3.338427956,890.3057681,43.21999705,7.90511779,66.23,12.486,80
Yemen,YEM,2008,37.8369535,5.77696232,26910855807,3.64756947,1071.635833,43.40776536,18.97625743,66.609,12.656,85
Yemen,YEM,2009,28.32515812,0.51412085,25130278213,3.866229516,969.2435099,39.7462329,5.407760981,66.905,12.762,90
Yemen,YEM,2010,29.99507756,0.610357927,30906749533,7.701286075,1155.203053,34.39055922,11.17483386,67.223,12.777,95
Yemen,YEM,2011,30.34042417,-1.582339168,32726417878,-12.7148969,1186.475006,32.71903378,19.54356171,67.412,13.311,100
Yemen,YEM,2012,24.86371697,-0.040222183,35401331610,2.392990214,1245.050683,36.49792022,9.885387145,67.569,13.473,105
Yemen,YEM,2013,22.35959849,-0.33049641,40415233436,4.823519085,1378.75003,30.15227965,10.96844215,67.961,13.673,80
Yemen,YEM,2014,21.48408708,-0.539237328,43228585321,-0.188690242,1430.16421,26.75895343,8.104725836,68.003,13.467,75
Yemen,YEM,2015,9.051577546,-0.036388253,42444490074,-27.99454625,1362.173812,21.31608154,,66.761,17.9,70
Yemen,YEM,2016,4.809202761,-1.79131212,31317825274,-9.375123797,975.359417,26.27234153,,67.105,18.42,65
Yemen,YEM,2017,9.688247585,-1.005318893,26842229045,-5.071795681,811.1659704,33.28165709,,67.12,18.611,60
Yemen,YEM,2018,8.756102383,-1.305638398,21606160663,0.752447593,633.8872025,47.32172034,,65.915,17.593,55
Yemen,YEM,2019,,,,,,,,66.567,17.213,50
Yemen,YEM,2020,,,,,,,,66.435,17.963,45
Yemen,YEM,2021,,,,,,,,66.019,18.312,70
Yemen,YEM,2022,,,,,,,,67.952,17.224,75
Yemen,YEM,2023,,,,,,,,69.295,16.944,80
Yemen,YEM,2024,,,,,,,,,16.97,85
